{"cameraMode":{"drawMode":0,"name":"Shaded","section":"Shading Mode"},"sceneLighting":true,"audioPlay":false,"sceneViewState":{"showFog":true,"showMaterialUpdate":false,"showSkybox":true,"showFlares":true,"showImageEffects":true,"showParticleSystems":true},"in2DMode":false,"pivot":{"x":-2.316725254058838,"y":4.125912189483643,"z":1.6313341856002808},"rotation":{"x":-0.21270233392715455,"y":0.5257624983787537,"z":-0.137364462018013,"w":-0.8124541640281677},"size":11.973546981811524,"orthographic":true}